reporting_month,total_pop,total_gallons,pop_weighted_rgpcd
2022-06-15,35996041.0,165642122432.93738,101.02209487586981
