reporting_month,total_pop,total_gallons,pop_weighted_rgpcd
2024-04-01,31266350.0,99006510945.51999,61.40891606919259
