reporting_month,total_pop,total_gallons,pop_weighted_rgpcd
2022-10-15,36112421.0,150001935252.40335,87.78181741521013
