reporting_month,total_pop,total_gallons,pop_weighted_rgpcd
2022-11-15,35686116.0,116636795746.67786,73.56691334910472
