reporting_month,total_pop,total_gallons,pop_weighted_rgpcd
2022-09-15,36294172.0,164064805407.69577,99.57100113475519
