reporting_month,total_pop,total_gallons,pop_weighted_rgpcd
2023-02-15,34798568.0,90024631875.05869,62.48960425623262
