reporting_month,total_pop,total_gallons,pop_weighted_rgpcd
2023-05-15,29675974.0,116535412441.07062,82.8466212153542
