reporting_month,total_pop,total_gallons,pop_weighted_rgpcd
2022-08-15,35814760.0,179201484902.69818,104.91679468569103
