reporting_month,total_pop,total_gallons,pop_weighted_rgpcd
2022-05-15,35400603.0,154747386421.72882,91.04839393306662
