reporting_month,total_pop,total_gallons,pop_weighted_rgpcd
2022-12-15,35776880.0,103869316929.39244,63.84403458677782
