reporting_month,total_pop,total_gallons,pop_weighted_rgpcd
2023-01-15,35167548.0,92629310176.88518,58.28423372800969
